Keyword	Avg. monthly searches	YoY	Competition	Top of page bid (low)	Top of page bid (high)
carport maße	500	0 %	Hoch	0,36 €	1,15 €
carport größe	500	0 %	Hoch	0,34 €	1,27 €
carport maße 2 autos	500	0 %	Hoch	0,39 €	1,19 €
carport für 2 autos maße	500	0 %	Hoch	0,43 €	1,29 €
doppelcarport maße	500	0 %	Hoch	0,35 €	1,53 €
doppelcarport größe	500	+900 %	Hoch	0,46 €	1,31 €
einzelcarport maße	50	0 %	Hoch	0,43 €	1,43 €
carport maße 1 auto	50	0 %	Hoch	0,39 €	1,31 €
carport maße ohne baugenehmigung	50	0 %	Hoch	0,16 €	0,73 €
carport hintereinander	50	0 %	Hoch		
wie breit carport für 2 autos	50	0 %	Hoch		
carport maße mit abstellraum	0				
carport maße 3 autos	0				
